page_size,version,request_no,sql_stmts,latency_ms
10,naive,1,11,4.15
10,naive,2,11,3.81
10,naive,3,11,3.63
10,naive,4,11,3.82
10,naive,5,11,3.51
10,naive,6,11,3.76
10,naive,7,11,3.42
10,naive,8,11,3.78
10,naive,9,11,3.7
10,naive,10,11,4.02
10,naive,11,11,4.13
10,naive,12,11,4.03
10,naive,13,11,3.58
10,naive,14,11,3.97
10,naive,15,11,3.98
10,naive,16,11,3.93
10,naive,17,11,4.01
10,naive,18,11,3.85
10,naive,19,11,3.93
10,naive,20,11,3.93
10,naive,21,11,4.02
10,naive,22,11,3.79
10,naive,23,11,3.61
10,naive,24,11,3.68
10,naive,25,11,3.4
10,naive,26,11,3.68
10,naive,27,11,3.24
10,naive,28,11,3.72
10,naive,29,11,3.67
10,naive,30,11,3.72
10,fixed,1,1,1.76
10,fixed,2,1,1.75
10,fixed,3,1,1.72
10,fixed,4,1,1.62
10,fixed,5,1,1.62
10,fixed,6,1,1.63
10,fixed,7,1,1.64
10,fixed,8,1,1.6
10,fixed,9,1,1.62
10,fixed,10,1,1.67
10,fixed,11,1,1.68
10,fixed,12,1,1.58
10,fixed,13,1,1.77
10,fixed,14,1,1.65
10,fixed,15,1,1.68
10,fixed,16,1,1.68
10,fixed,17,1,1.7
10,fixed,18,1,1.76
10,fixed,19,1,1.76
10,fixed,20,1,1.67
10,fixed,21,1,1.76
10,fixed,22,1,1.8
10,fixed,23,1,1.66
10,fixed,24,1,1.63
10,fixed,25,1,1.65
10,fixed,26,1,1.66
10,fixed,27,1,1.51
10,fixed,28,1,1.71
10,fixed,29,1,1.75
10,fixed,30,1,1.67
50,naive,1,51,10.77
50,naive,2,51,9.74
50,naive,3,51,9.4
50,naive,4,51,8.81
50,naive,5,51,7.54
50,naive,6,51,7.35
50,naive,7,51,7.63
50,naive,8,51,7.88
50,naive,9,51,7.36
50,naive,10,51,7.28
50,naive,11,51,7.65
50,naive,12,51,8.13
50,naive,13,51,8.09
50,naive,14,51,7.38
50,naive,15,51,7.47
50,naive,16,51,7.54
50,naive,17,51,7.46
50,naive,18,51,7.36
50,naive,19,51,7.39
50,naive,20,51,7.33
50,naive,21,51,7.19
50,naive,22,51,7.23
50,naive,23,51,7.2
50,naive,24,51,7.38
50,naive,25,51,7.24
50,naive,26,51,7.19
50,naive,27,51,7.11
50,naive,28,51,7.03
50,naive,29,51,7.11
50,naive,30,51,7.12
50,fixed,1,1,1.56
50,fixed,2,1,1.65
50,fixed,3,1,1.56
50,fixed,4,1,1.69
50,fixed,5,1,1.67
50,fixed,6,1,1.66
50,fixed,7,1,1.63
50,fixed,8,1,1.57
50,fixed,9,1,1.59
50,fixed,10,1,1.58
50,fixed,11,1,1.54
50,fixed,12,1,1.63
50,fixed,13,1,1.58
50,fixed,14,1,1.53
50,fixed,15,1,1.56
50,fixed,16,1,1.63
50,fixed,17,1,1.53
50,fixed,18,1,1.49
50,fixed,19,1,1.52
50,fixed,20,1,1.6
50,fixed,21,1,1.53
50,fixed,22,1,1.48
50,fixed,23,1,1.51
50,fixed,24,1,1.6
50,fixed,25,1,1.51
50,fixed,26,1,1.53
50,fixed,27,1,1.54
50,fixed,28,1,1.49
50,fixed,29,1,1.5
50,fixed,30,1,1.53
200,naive,1,201,24.42
200,naive,2,201,24.75
200,naive,3,201,24.81
200,naive,4,201,24.77
200,naive,5,201,24.22
200,naive,6,201,25.19
200,naive,7,201,28.36
200,naive,8,201,25.11
200,naive,9,201,24.73
200,naive,10,201,24.73
200,naive,11,201,24.68
200,naive,12,201,25.04
200,naive,13,201,24.9
200,naive,14,201,25.63
200,naive,15,201,28.24
200,naive,16,201,25.47
200,naive,17,201,24.93
200,naive,18,201,27.97
200,naive,19,201,25.17
200,naive,20,201,26.67
200,naive,21,201,35.46
200,naive,22,201,25.15
200,naive,23,201,24.77
200,naive,24,201,25.37
200,naive,25,201,25.22
200,naive,26,201,25.77
200,naive,27,201,25.35
200,naive,28,201,25.17
200,naive,29,201,24.83
200,naive,30,201,24.36
200,fixed,1,1,2.6
200,fixed,2,1,2.52
200,fixed,3,1,2.5
200,fixed,4,1,2.59
200,fixed,5,1,2.56
200,fixed,6,1,2.44
200,fixed,7,1,2.63
200,fixed,8,1,2.44
200,fixed,9,1,2.41
200,fixed,10,1,2.42
200,fixed,11,1,2.34
200,fixed,12,1,2.41
200,fixed,13,1,2.34
200,fixed,14,1,2.49
200,fixed,15,1,2.32
200,fixed,16,1,2.4
200,fixed,17,1,2.33
200,fixed,18,1,2.36
200,fixed,19,1,2.41
200,fixed,20,1,2.37
200,fixed,21,1,2.28
200,fixed,22,1,2.38
200,fixed,23,1,2.49
200,fixed,24,1,11.11
200,fixed,25,1,2.66
200,fixed,26,1,2.51
200,fixed,27,1,2.36
200,fixed,28,1,2.44
200,fixed,29,1,2.5
200,fixed,30,1,2.38
