failure_rate,call_no,attempts,ok,latency_ms,error
0.0,1,1,True,3.1,
0.0,2,1,True,1.75,
0.0,3,1,True,1.22,
0.0,4,1,True,1.31,
0.0,5,1,True,1.21,
0.0,6,1,True,1.82,
0.0,7,1,True,1.46,
0.0,8,1,True,1.34,
0.0,9,1,True,1.18,
0.0,10,1,True,0.9,
0.0,11,1,True,0.76,
0.0,12,1,True,1.23,
0.0,13,1,True,1.13,
0.0,14,1,True,0.9,
0.0,15,1,True,0.78,
0.0,16,1,True,1.32,
0.0,17,1,True,1.18,
0.0,18,1,True,1.21,
0.0,19,1,True,0.74,
0.0,20,1,True,0.83,
0.0,21,1,True,0.93,
0.0,22,1,True,0.92,
0.0,23,1,True,0.86,
0.0,24,1,True,0.77,
0.0,25,1,True,0.82,
0.0,26,1,True,0.87,
0.0,27,1,True,0.87,
0.0,28,1,True,0.88,
0.0,29,1,True,0.84,
0.0,30,1,True,0.89,
0.0,31,1,True,0.81,
0.0,32,1,True,0.73,
0.0,33,1,True,0.7,
0.0,34,1,True,0.87,
0.0,35,1,True,0.79,
0.0,36,1,True,0.8,
0.0,37,1,True,0.76,
0.0,38,1,True,0.75,
0.0,39,1,True,0.69,
0.0,40,1,True,0.78,
0.0,41,1,True,0.79,
0.0,42,1,True,0.7,
0.0,43,1,True,0.8,
0.0,44,1,True,0.88,
0.0,45,1,True,0.84,
0.0,46,1,True,0.81,
0.0,47,1,True,0.76,
0.0,48,1,True,0.89,
0.0,49,1,True,0.76,
0.0,50,1,True,0.79,
0.2,1,1,True,0.79,
0.2,2,1,True,0.77,
0.2,3,3,True,155.22,
0.2,4,2,True,54.81,
0.2,5,1,True,3.68,
0.2,6,2,True,54.55,
0.2,7,2,True,53.61,
0.2,8,1,True,1.62,
0.2,9,1,True,1.23,
0.2,10,1,True,1.13,
0.2,11,2,True,52.68,
0.2,12,1,True,1.37,
0.2,13,1,True,0.92,
0.2,14,3,True,153.76,
0.2,15,1,True,2.38,
0.2,16,1,True,1.94,
0.2,17,2,True,54.05,
0.2,18,1,True,2.7,
0.2,19,1,True,1.49,
0.2,20,1,True,1.11,
0.2,21,3,True,154.95,
0.2,22,2,True,53.62,
0.2,23,3,True,154.5,
0.2,24,1,True,2.05,
0.2,25,1,True,1.58,
0.2,26,1,True,1.28,
0.2,27,1,True,0.83,
0.2,28,2,True,52.1,
0.2,29,2,True,52.7,
0.2,30,2,True,52.94,
0.2,31,1,True,2.1,
0.2,32,1,True,2.4,
0.2,33,1,True,1.49,
0.2,34,1,True,1.29,
0.2,35,1,True,1.32,
0.2,36,1,True,1.3,
0.2,37,1,True,1.17,
0.2,38,1,True,1.12,
0.2,39,1,True,1.7,
0.2,40,1,True,1.68,
0.2,41,1,True,1.52,
0.2,42,2,True,53.02,
0.2,43,1,True,2.3,
0.2,44,1,True,2.92,
0.2,45,1,True,2.11,
0.2,46,3,True,154.88,
0.2,47,4,True,355.13,
0.2,48,1,True,1.59,
0.2,49,1,True,1.84,
0.2,50,2,True,52.76,
0.5,1,1,True,1.5,
0.5,2,1,True,1.3,
0.5,3,4,False,352.72,failed after 4 attempts: injected failure
0.5,4,4,True,355.37,
0.5,5,3,True,152.98,
0.5,6,2,True,53.26,
0.5,7,2,True,53.22,
0.5,8,1,True,1.68,
0.5,9,4,True,354.76,
0.5,10,4,True,354.23,
0.5,11,1,True,1.23,
0.5,12,1,True,2.25,
0.5,13,1,True,1.38,
0.5,14,3,True,154.19,
0.5,15,4,False,352.42,failed after 4 attempts: injected failure
0.5,16,4,False,352.68,failed after 4 attempts: injected failure
0.5,17,1,True,1.73,
0.5,18,4,True,354.82,
0.5,19,2,True,53.58,
0.5,20,1,True,1.7,
0.5,21,1,True,1.01,
0.5,22,1,True,0.8,
0.5,23,2,True,53.29,
0.5,24,1,True,1.96,
0.5,25,1,True,2.08,
0.5,26,3,True,154.47,
0.5,27,1,True,3.1,
0.5,28,2,True,53.38,
0.5,29,2,True,52.93,
0.5,30,1,True,2.06,
0.5,31,3,True,154.39,
0.5,32,4,True,355.24,
0.5,33,1,True,2.58,
0.5,34,1,True,1.59,
0.5,35,3,True,154.49,
0.5,36,1,True,2.26,
0.5,37,1,True,1.43,
0.5,38,1,True,1.11,
0.5,39,2,True,53.04,
0.5,40,2,True,52.89,
0.5,41,2,True,52.7,
0.5,42,2,True,52.27,
0.5,43,1,True,2.11,
0.5,44,4,True,355.76,
0.5,45,2,True,52.27,
0.5,46,3,True,154.89,
0.5,47,1,True,1.96,
0.5,48,4,True,355.86,
0.5,49,2,True,52.59,
0.5,50,2,True,54.75,
